"['streetname', 'latlong', 'id', 'images', 'nonPresenterAuthors', 'subjects', 'title', 'year', '', '', '']"
"['Eevankatu', '60.2010439,24.9243349', 'hkm.HKMS000005:km0000nzhp', 'https://api.finna.fi/Cover/Show?id=hkm.HKMS000005%3Akm0000nzhp&fullres=1&index=0', 'role:Valokuvaaja,name:Rista Eeva SER', 'kaupunkiymp��rist��,puurakennukset,katuvalaistus,kadut,aidat,pihat,ikkunat,savupiiput,lastenvaunut,Helsinki, Eevankatu,197006', 'Eevankatu', '1970', '', '', '']"
"['Eevankatu', '60.2010439,24.9243349', 'hkm.HKMS000005:km0000nzhq', 'https://api.finna.fi/Cover/Show?id=hkm.HKMS000005%3Akm0000nzhq&fullres=1&index=0', 'role:Valokuvaaja,name:Rista Eeva SER', 'kaupunkiymp��rist��,kadut,aidat,kalliot,puurakennukset,puut,miehet,vesihuolto,vedenjakelu,sangot,Helsinki, Eevankatu,197006', 'Eevankatu', '1970', '', '', '']"
"['Eevankatu', '60.2010439,24.9243349', 'hkm.HKMS000005:km0000nzn9', 'https://api.finna.fi/Cover/Show?id=hkm.HKMS000005%3Akm0000nzn9&fullres=1&index=0', 'role:Valokuvaaja,name:Rista Simo SER', 'kaupunkiymp��rist��,puurakennukset,hirsirakennukset,kadut,kalliot,aidat,pylv����t,ikkunat,sis����nk��ynnit,ovet,katukilvet,Helsinki, Eevankatu,197006', 'Eevankatu', '1970', '', '', '']"
"['Eevankatu', '60.2010439,24.9243349', 'hkm.HKMS000005:km0000nzna', 'https://api.finna.fi/Cover/Show?id=hkm.HKMS000005%3Akm0000nzna&fullres=1&index=0', 'role:Valokuvaaja,name:Rista Simo SER', 'kaupunkiymp��rist��,puurakennukset,hirsirakennukset,kadut,kalliot,aidat,pylv����t,katuvalaistus,ikkunat,katukilvet,Helsinki, Eevankatu,197006', 'Eevankatu', '1970', '', '', '']"
"['Eevankatu', '60.2010439,24.9243349', 'hkm.HKMS000005:km003w3n', 'https://api.finna.fi/Cover/Show?id=hkm.HKMS000005%3Akm003w3n&fullres=1&index=0', 'role:Valokuvaaja,name:Hakli Kari', 'asuinrakennukset puutalot,pihat,aidat,Helsinki, Eevankatu 6,1973', 'Pasila, Eevankatu 6.', '1973', '', '', '']"
"['Eevankatu', '60.2010439,24.9243349', 'hkm.HKMS000005:km003wu5', 'https://api.finna.fi/Cover/Show?id=hkm.HKMS000005%3Akm003wu5&fullres=1&index=0', 'role:Valokuvaaja,name:Hakli Kari', 'asuinalueet,rakennukset puurakennukset,asuinrakennukset,pihat,sahat,sahaaminen,Helsinki, Eevankatu 10,197106', 'Eevankatu 10. Pasila', '1971', '', '', '']"
"['Eevankatu', '60.2010439,24.9243349', 'hkm.HKMS000005:km003wcn', 'https://api.finna.fi/Cover/Show?id=hkm.HKMS000005%3Akm003wcn&fullres=1&index=0', 'role:Valokuvaaja,name:Hakli Kari', 'asuinalueet,rakennukset puurakennukset,lapset,asuinrakennukset,pihat,Helsinki, Eevankatu 10,197106', 'Eevankatu 10. Pasila', '1971', '', '', '']"
"['Eevankatu', '60.2010439,24.9243349', 'hkm.HKMS000005:km003j57', 'https://api.finna.fi/Cover/Show?id=hkm.HKMS000005%3Akm003j57&fullres=1&index=0', 'role:Valokuvaaja,name:Hakli Kari', 'asuinalueet,rakennukset puurakennukset,lapset,polkupy��r��t,Helsinki, Eevankatu,197106', 'Oikealla Eevankatu 5, vasemmalla ja taustalla Eevankatu 8-10.', '1971', '', '', '']"
"['Eevankatu', '60.2010439,24.9243349', 'hkm.HKMS000005:km003v7o', 'https://api.finna.fi/Cover/Show?id=hkm.HKMS000005%3Akm003v7o&fullres=1&index=0', 'role:Valokuvaaja,name:Hakli Kari', 'kodit,huonekalut p��yd��t tuolit sohvat,sisustus ryijyt,televisiot,kattaukset kahvi,Helsinki, Eevankatu 7,197106', 'Leskirouva Lempi Blomqvistin asunto, Eevankatu 7 A.', '1971', '', '', '']"
"['Eevankatu', '60.2010439,24.9243349', 'hkm.HKMS000005:km003wtr', 'https://api.finna.fi/Cover/Show?id=hkm.HKMS000005%3Akm003wtr&fullres=1&index=0', 'role:Valokuvaaja,name:Hakli Kari', 'kadut,asuinalueet,rakennukset puurakennukset,lapset,polkupy��r��t,Helsinki, Eevankatu 5, 8-10,197106', 'Oikealla Eevankatu 5, vasemmalla ja taustalla Eevankatu 8-10. Lapsia polkupy��r��ilem��ss��.', '1971', '', '', '']"
"['Eevankatu', '60.2010439,24.9243349', 'hkm.HKMS000005:km0000nzn8', 'https://api.finna.fi/Cover/Show?id=hkm.HKMS000005%3Akm0000nzn8&fullres=1&index=0', 'role:Valokuvaaja,name:Rista Simo SER', 'kaupunkiymp��rist��,puurakennukset,hirsirakennukset,varastot,aidat,k��ym��l��t,kuivak��ym��l��t,Helsinki, Eevankatu 10,197006', 'Eevankatu 10. Eevankadun vehre���� kasvillisuuutta ja puutalojen pihapiiri�� L��nsi-Pasilassa', '1970', '', '', '']"
"['Eevankatu', '60.2010439,24.9243349', 'hkm.HKMS000005:km003wu4', 'https://api.finna.fi/Cover/Show?id=hkm.HKMS000005%3Akm003wu4&fullres=1&index=0', 'role:Valokuvaaja,name:Hakli Kari', 'rakennukset puutalot,asuintalot,pihat,Helsinki, Hertankatu. Eevankatu,197106', 'Pasila', '1971', '', '', '']"
"['Eevankatu', '60.2010439,24.9243349', 'hkm.HKMS000005:km0000lskl', 'https://api.finna.fi/Cover/Show?id=hkm.HKMS000005%3Akm0000lskl&fullres=1&index=0', 'role:Valokuvaaja,name:Rista Simo SER', 'myym��l��t valintamyym��l��t,rakennukset puurakennukset,jalankulkijat,autot henkil��autot pakettiautot,pylv����t,Helsinki, Hertankatu 15,1974', 'Kiviset portin pylv����t, vasemmalla Elannon myym��l��rakennus Hertankatu 15:ss�� sek�� oikealla Eevankadun puutaloja L��nsi-Pasilassa', '1974', '', '', '']"
"['Eevankatu', '60.2010439,24.9243349', 'hkm.HKMS000005:km0038bu', 'https://api.finna.fi/Cover/Show?id=hkm.HKMS000005%3Akm0038bu&fullres=1&index=0', 'role:Valokuvaaja,name:Hakli Kari', 'puurakennukset,Helsinki, Hertankatu 17. Eevankatu 4.,1973', 'Pasilan ""keskusm��ki""', '1973', '', '', '']"
"['Eevankatu', '60.2010439,24.9243349', 'hkm.HKMS000005:km003j45', 'https://api.finna.fi/Cover/Show?id=hkm.HKMS000005%3Akm003j45&fullres=1&index=0', 'role:Valokuvaaja,name:Hakli Kari', 'osuustoiminta osuusliikkeet,myym��l��t,jalkakayt��v��t,naiset,lapset,vuodenajat kes��,Helsinki, Hertankatu 15. Eevankatu.,197106', 'Elannon Pasilan myym��l��', '1971', '', '', '']"
"['Esterinkatu', '60.1972172,24.9270527', 'hkm.HKMS000005:km0000m3ac', 'https://api.finna.fi/Cover/Show?id=hkm.HKMS000005%3Akm0000m3ac&fullres=1&index=0', 'role:Valokuvaaja,name:Gr��nberg Constantin', 'rakennukset puurakennukset asuinrakennukset,pihat,aidat,portit,Helsinki, Esterinkatu 5. Martankatu 3,1963', 'N��kym�� Esterinkadun varrella olevilta kallioilta pohjoiseen, Esterinkatu 5 ja Martankatu 1, 3.', '1963', '', '', '']"
"['Hannankatu', '60.2019029,24.918642', 'hkm.HKMS000005:km0000m3ai', 'https://api.finna.fi/Cover/Show?id=hkm.HKMS000005%3Akm0000m3ai&fullres=1&index=0', 'role:Valokuvaaja,name:Gr��nberg Constantin', 'rakennukset puurakennukset,pihat,saunat,Helsinki, Hannankatu 15,1963', 'Hannankatu 15. Sauna.', '1963', '', '', '']"
"['Hannankatu', '60.2019029,24.918642', 'hkm.HKMS000005:0000056s', 'https://api.finna.fi/Cover/Show?id=hkm.HKMS000005%3A0000056s&fullres=1&index=0', 'role:Valokuvaaja,name:Tuntematon', 'puurakennukset,Helsinki, Hannankatu 15.,1920 -luku', 'Pasila, Hannankatu 15. Asetinlaitemies Oskar Kattaisen talo, valmistui 1924.', '1920', '', '', '']"
"['Hannankatu', '60.2019029,24.918642', 'hkm.HKMS000005:0000055e', 'https://api.finna.fi/Cover/Show?id=hkm.HKMS000005%3A0000055e&fullres=1&index=0', 'role:Valokuvaaja,name:Tuntematon', 'puutarhat,kukat,Helsinki, Hannankatu 15.,1925 n', 'Asetinlaitemies Oskar Kattainen (s. 1873) kotipihallaan Pasilassa, Hannankatu 15.', '1925', '', '', '']"
"['Hannankatu', '60.2019029,24.918642', 'hkm.HKMS000005:0000056j', 'https://api.finna.fi/Cover/Show?id=hkm.HKMS000005%3A0000056j&fullres=1&index=0', 'role:Valokuvaaja,name:Tuntematon', 'puurakennukset,Helsinki, Hannankatu 15.,1920 -luku', 'Pasila, Hannankatu 15. Asetinlaitemies Oskar Kattaisen talo, valmistui 1924.', '1920', '', '', '']"
"['Hannankatu', '60.2019029,24.918642', 'hkm.HKMS000005:0000056k', 'https://api.finna.fi/Cover/Show?id=hkm.HKMS000005%3A0000056k&fullres=1&index=0', 'role:Valokuvaaja,name:Tuntematon', 'puurakennukset,Helsinki, Hannankatu 15.,1920 -luku', 'Pasila, Hannankatu 15. Asetinlaitemies Oskar Kattaisen talo, valmistui 1924.', '1920', '', '', '']"
"['Hannankatu', '60.2019029,24.918642', 'hkm.HKMS000005:km0000ny6b', 'https://api.finna.fi/Cover/Show?id=hkm.HKMS000005%3Akm0000ny6b&fullres=1&index=0', 'role:Valokuvaaja,name:Tuntematon', 'puurakennukset,pihat,ikkunat,savupiiput,puut,kalliot,miehet,Helsinki, Hannankatu 8,1900 j��lk.', 'Aallon talo eli asunto-osakeyhti�� Vuorenp����, Hannankatu 8. Rakennus valmistui vuonna 1900.', '1900', '', '', '']"
"['Hannankatu', '60.2019029,24.918642', 'hkm.HKMS000005:km0000m3ap', 'https://api.finna.fi/Cover/Show?id=hkm.HKMS000005%3Akm0000m3ap&fullres=1&index=0', 'role:Valokuvaaja,name:Gr��nberg Constantin', 'leikkikalut nuket,muistoesineet matkamuistot,Helsinki, Hannankatu 15,1963', 'Anna Kattaisen nukkekokoelma.', '1963', '', '', '']"
"['Hannankatu', '60.2019029,24.918642', 'hkm.HKMS000005:km0000m3aq', 'https://api.finna.fi/Cover/Show?id=hkm.HKMS000005%3Akm0000m3aq&fullres=1&index=0', 'role:Valokuvaaja,name:Gr��nberg Constantin', 'leikkikalut nuket,muistoesineet matkamuistot,naiset,sein��tekstiilit ryijyt,valaisimet lamput,vuodevaatteet peitteet,Helsinki, Hannankatu 15,1963', 'Anna Kattainen kotonaan', '1963', '', '', '']"
"['Hannankatu', '60.2019029,24.918642', 'hkm.HKMS000005:km0000ny66', 'https://api.finna.fi/Cover/Show?id=hkm.HKMS000005%3Akm0000ny66&fullres=1&index=0', 'role:Valokuvaaja,name:Tuntematon', 'puurakennukset,pihat,aidat,puut,ikkunat,parvekkeet,koristelu,savupiiput,Helsinki, Hannankatu 8,1900 j��lk.', 'Aallon talo eli asunto-osakeyhti�� Vuorenp����, Hannakatu 8. Rakennus valmistui vuonna 1900.', '1900', '', '', '']"
"['Hannankatu', '60.2019029,24.918642', 'hkm.HKMS000005:km003j59', 'https://api.finna.fi/Cover/Show?id=hkm.HKMS000005%3Akm003j59&fullres=1&index=0', 'role:Valokuvaaja,name:Gr��nberg Constantin', 'Asuinalueet pientaloalueet,rakennukset puurakennukset,huoltamot,Helsinki, Hannankatu,1963', 'Pasila', '1963', '', '', '']"
"['Hannankatu', '60.2019029,24.918642', 'hkm.HKMS000005:km0000nzn5', 'https://api.finna.fi/Cover/Show?id=hkm.HKMS000005%3Akm0000nzn5&fullres=1&index=0', 'role:Valokuvaaja,name:Rista Simo SER', 'kaupunkiymp��rist��,kadut,katukilvet,puut,autot,romu,romurauta,Helsinki, Leankatu. Hannankat��,197006', 'Leankatu', '1970', '', '', '']"
"['Kyllikinkatu', '60.2000989,24.9247587', 'hkm.HKMS000005:km0000nzne', 'https://api.finna.fi/Cover/Show?id=hkm.HKMS000005%3Akm0000nzne&fullres=1&index=0', 'role:Valokuvaaja,name:Rista Simo SER', 'kaupunkiymp��rist��,puurakennukset,hirsirakennukset,kadut,aidat,ajoneuvot,autot,henkil��autot,miehet,puut,Helsinki, Kyllikinkatu. Pasilankatu,197006', 'Kyllikinkatu', '1970', '', '', '']"
"['Kyllikinkatu', '60.2000989,24.9247587', 'hkm.HKMS000005:km0000m3ae', 'https://api.finna.fi/Cover/Show?id=hkm.HKMS000005%3Akm0000m3ae&fullres=1&index=0', 'role:Valokuvaaja,name:Gr��nberg Constantin', 'rakennukset puurakennukset asuinrakennukset,kadut,ruska,Helsinki, Kyllikinkatu 11,1963', 'Kyllikinkatu 11.', '1963', '', '', '']"
"['Kyllikinkatu', '60.2000989,24.9247587', 'hkm.HKMS000005:km0000m3ad', 'https://api.finna.fi/Cover/Show?id=hkm.HKMS000005%3Akm0000m3ad&fullres=1&index=0', 'role:Valokuvaaja,name:Gr��nberg Constantin', 'rakennukset puurakennukset asuinrakennukset,kadut,ruska,katuvalaistus,koulu,Helsinki, Kyllikinkatu 6, 10,1963', 'Kyllikinkatu 6, 10.', '1963', '', '', '']"
"['Kyllikinkatu', '60.2000989,24.9247587', 'hkm.HKMS000005:km0000m3af', 'https://api.finna.fi/Cover/Show?id=hkm.HKMS000005%3Akm0000m3af&fullres=1&index=0', 'role:Valokuvaaja,name:Gr��nberg Constantin', 'rakennukset puurakennukset asuinrakennukset,kadut,ruska,katuvalaistus,koulu,Helsinki, Kyllikinkatu 13, 11,1963', 'Kyllikinkatu 13, 11.', '1963', '', '', '']"
"['Kyllikinkatu', '60.2000989,24.9247587', 'hkm.HKMS000005:km0030gu', 'https://api.finna.fi/Cover/Show?id=hkm.HKMS000005%3Akm0030gu&fullres=1&index=0', 'role:Valokuvaaja,name:Hakli Kari', 'pihat,rakennukset puurakennukset,portaat,lapset,Helsinki, Hertankatu 9 - Kyllikinkatu 4,19710600', 'Hertankatu 9 - Kyllikinkatu 4, piha.', '1971', '', '', '']"
"['Kyllikinkatu', '60.2000989,24.9247587', 'hkm.HKMS000005:km0000nzjy', 'https://api.finna.fi/Cover/Show?id=hkm.HKMS000005%3Akm0000nzjy&fullres=1&index=0', 'role:Valokuvaaja,name:Rista Simo SER', 'kaupunkiymp��rist��,puurakennukset,hirsirakennukset,kadut,pylv����t,katuvalaistus,ikkunat,sis����nk��ynnit,katukilvet,aidat,Helsinki, Kyllikinkatu 4,197006', 'Kyllikinkatu 4. Puutaloja L��nsi-Pasilassa Kyllikinkadulla.', '1970', '', '', '']"
"['Kyllikinkatu', '60.2000989,24.9247587', 'hkm.HKMS000005:km003wnb', 'https://api.finna.fi/Cover/Show?id=hkm.HKMS000005%3Akm003wnb&fullres=1&index=0', 'role:Valokuvaaja,name:Hakli Kari', 'pihat,rakennukset puurakennukset,portaat,Helsinki, Hertankatu 9. Kyllikinkatu 4,197106', 'Hertankatu 9 - Kyllikinkatu 4, Saunan talo pihan puolelta.', '1971', '', '', '']"
"['Kyllikinkatu', '60.2000989,24.9247587', 'hkm.HKMS000005:km0000nzhj', 'https://api.finna.fi/Cover/Show?id=hkm.HKMS000005%3Akm0000nzhj&fullres=1&index=0', 'role:Valokuvaaja,name:Rista Eeva SER', 'kaupunkiymp��rist��,puurakennukset,kerrostalot,kadut,ajoneuvot,autot,henkil��autot,j��teautot,miehet,sis����nk��ynnit,portaat,ovet,katokset,koristelu,kivijalkaliikkeet,myym��l��t,pylv����t,Helsinki, Hertankatu 9. Kyllikinkatu 4,197006', 'Hertankatu 9. Kyllikinkatu 4. N��kym�� Kyllikinkadun kulmasta Hertankadulle', '1970', '', '', '']"
"['Kyllikinkatu', '60.2000989,24.9247587', 'hkm.HKMS000005:km0000m3ag', 'https://api.finna.fi/Cover/Show?id=hkm.HKMS000005%3Akm0000m3ag&fullres=1&index=0', 'role:Valokuvaaja,name:Gr��nberg Constantin', 'liikennev��yl��t kadut,aidat,ruska,puurakennukset,Helsinki, Kyllikinkatu 11, 10,1963', 'Kyllikinkatua', '1963', '', '', '']"
"['Kyllikinkatu', '60.2000989,24.9247587', 'hkm.HKMS000005:km002y0j', 'https://api.finna.fi/Cover/Show?id=hkm.HKMS000005%3Akm002y0j&fullres=1&index=0', 'role:Valokuvaaja,name:Tuntematon', 'osuustoiminta,myym��l��t,vaa?at,elintarvikkeet,liha,lihavalmisteet,makkarat,juusto,kananmunat,s��ilykkeet,purkit,pullot,juomat,virvoitusjuomat,valaisimet,Helsinki, Pasilan puistotie 5,1935 n', 'Elannon liha- ja leikkelemyym��l�� n:o 33. Hertankatu 9 (= Pasilan puistotie 5 - Kyllikinkatu).', '1935', '', '', '']"
"['Kyllikinkatu', '60.2000989,24.9247587', 'hkm.HKMS000005:km0000mqfg', 'https://api.finna.fi/Cover/Show?id=hkm.HKMS000005%3Akm0000mqfg&fullres=1&index=0', 'role:Valokuvaaja,name:Heinonen Eino', 'Raitioliikenne,puurakennukset,kioskit,j����tel��,lapset,Rasvaletti-n��yttely,Helsinki, Kyllikinpuisto,1950 n.', 'N��kym�� Pasilankadun ja Kyllikinkadun risteyksest��', '1950', '', '', '']"
"['Kyllikinkatu', '60.2000989,24.9247587', 'hkm.HKMS000005:00000zxf', 'https://api.finna.fi/Cover/Show?id=hkm.HKMS000005%3A00000zxf&fullres=1&index=0', 'role:Valokuvaaja,name:Heinonen Eino', 'vaatteet lastenvaatteet,talousvesi,Helsinki,,1950-luku', 'Lapsia vesipostilla Pasilassa Kyllikinkadun ja Pasilankadun kulmassa.Juomassa oleva poika Pekka Laakso', '1950', '', '', '']"
"['Kyllikinkatu', '60.2000989,24.9247587', 'hkm.HKMS000005:km0000nzjz', 'https://api.finna.fi/Cover/Show?id=hkm.HKMS000005%3Akm0000nzjz&fullres=1&index=0', 'role:Valokuvaaja,name:Rista Simo SER', 'kaupunkiymp��rist��,puurakennukset,hirsirakennukset,kivijalkaliikkeet,nimikilvet,valomainokset,mainokset,sis����nk��ynnit,ovet,n��yteikkunat,portaat,kalliot,Helsinki, Hertankatu 9,197006', 'Hertankatu 9. Parturi ja Maanviljelij��in Maitokeskuksen myym��l�� puutalon kivijalassa Hertankadulla Kyllikinkadun kulmassa.', '1970', '', '', '']"
"['Kyllikinkatu', '60.2000989,24.9247587', 'hkm.HKMS000005:km003wcj', 'https://api.finna.fi/Cover/Show?id=hkm.HKMS000005%3Akm003wcj&fullres=1&index=0', 'role:Valokuvaaja,name:Hakli Kari', 'rakennukset puurakennukset,ty��tilat mankelihuoneet,mankeli,Helsinki, Kyllikinkatu 11,197106', 'Mankelihuone', '1971', '', '', '']"
"['Kyllikinkatu', '60.2000989,24.9247587', 'hkm.HKMS000005:km003wtn', 'https://api.finna.fi/Cover/Show?id=hkm.HKMS000005%3Akm003wtn&fullres=1&index=0', 'role:Valokuvaaja,name:Hakli Kari', 'rakennukset puurakennukset,saunat,kiukaat,lauteet,Helsinki, Kyllikinkatu 4,197106', 'Pasila', '1971', '', '', '']"
"['Kyllikinkatu', '60.2000989,24.9247587', 'hkm.HKMS000005:km003wtq', 'https://api.finna.fi/Cover/Show?id=hkm.HKMS000005%3Akm003wtq&fullres=1&index=0', 'role:Valokuvaaja,name:Hakli Kari', 'rakennukset puurakennukset,ty��tilat mankelihuoneet,mankeli,Helsinki, Kyllikinkatu 11,197106', 'Mankeli mankelihuoneessa', '1971', '', '', '']"
"['Kyllikinkatu', '60.2000989,24.9247587', 'hkm.HKMS000005:km0000nzmw', 'https://api.finna.fi/Cover/Show?id=hkm.HKMS000005%3Akm0000nzmw&fullres=1&index=0', 'role:Valokuvaaja,name:Rista Simo SER', 'kaupunkiymp��rist��,puurakennukset,hirsirakennukset,kadut,mainokset,valomainokset,ikkunat,tornit,aidat,katuvalaistus,Helsinki, Hertankatu,197006', 'Hertankatu', '1970', '', '', '']"
"['Leankatu', '60.2016364,24.9236411', 'hkm.HKMS000005:km0000nzn4', 'https://api.finna.fi/Cover/Show?id=hkm.HKMS000005%3Akm0000nzn4&fullres=1&index=0', 'role:Valokuvaaja,name:Rista Simo SER', 'kaupunkiymp��rist��,puurakennukset,hirsirakennukset,kadut,ikkunat,aidat,katuvalaistus,jalkak��yt��v��t,puut,Helsinki, Leankatu,197006', 'Leankatu', '1970', '', '', '']"
"['Leankatu', '60.2016364,24.9236411', 'hkm.HKMS000005:km0000nzn5', 'https://api.finna.fi/Cover/Show?id=hkm.HKMS000005%3Akm0000nzn5&fullres=1&index=0', 'role:Valokuvaaja,name:Rista Simo SER', 'kaupunkiymp��rist��,kadut,katukilvet,puut,autot,romu,romurauta,Helsinki, Leankatu. Hannankat��,197006', 'Leankatu', '1970', '', '', '']"
"['Leankatu', '60.2016364,24.9236411', 'hkm.HKMS000005:km0000muxa', 'https://api.finna.fi/Cover/Show?id=hkm.HKMS000005%3Akm0000muxa&fullres=1&index=0', 'role:Valokuvaaja,name:Dil��n B��rje', 'puurakennukset,asuinrakennukset,talousrakennukset,aidat,puut,polut,Helsinki, Leankatu,1952?', 'Leankatu Pasilassa.', '1952', '', '', '']"
"['Leankatu', '60.2016364,24.9236411', 'hkm.HKMS000005:km0000nzn6', 'https://api.finna.fi/Cover/Show?id=hkm.HKMS000005%3Akm0000nzn6&fullres=1&index=0', 'role:Valokuvaaja,name:Rista Simo SER', 'kaupunkiymp��rist��,puurakennukset,portit,pihat,ajoneuvot,autot,henkil��autot,postilaatikot,kilvet ja kyltit,Helsinki, Leankatu 10,197006', 'Leankatu 10. Leankatu 10:n puinen pihaportti L��nsi-Pasilassa.', '1970', '', '', '']"
"['Leankatu', '60.2016364,24.9236411', 'hkm.HKMS000005:km0000m57e', 'https://api.finna.fi/Cover/Show?id=hkm.HKMS000005%3Akm0000m57e&fullres=1&index=0', 'role:Valokuvaaja,name:Hakli Kari', 'lemmikkiel��imet,Helsinki, Leankatu 10,1970', 'Vuokra-autoilija Uno Lehtonen ja koira Dekan (rotu: suursanutseri) Leankatu 10', '1970', '', '', '']"
"['Leankatu', '60.2016364,24.9236411', 'hkm.HKMS000005:km0000ny69', 'https://api.finna.fi/Cover/Show?id=hkm.HKMS000005%3Akm0000ny69&fullres=1&index=0', 'role:Valokuvaaja,name:Tuntematon', 'puurakennukset,pihat,aidat,ikkunat,savupiiput,portaat,kalliot,kaivot,vajat,peltikatot,Helsinki, Raakelinkatu. Leankatu,1900 j��lk.', 'Edess�� Leankadulla sijainneet kauppias Koskisen vajat', '1900', '', '', '']"
"['Leankatu', '60.2016364,24.9236411', 'hkm.HKMS000005:km003j5e', 'https://api.finna.fi/Cover/Show?id=hkm.HKMS000005%3Akm003j5e&fullres=1&index=0', 'role:Valokuvaaja,name:Hakli Kari', 'rakennukset puurakennukset,pihat,pyykinpesu,vaatteet,Helsinki, Leankatu,197106', 'Pasila', '1971', '', '', '']"
"['Leankatu', '60.2016364,24.9236411', 'hkm.HKMS000005:km002u9c', 'https://api.finna.fi/Cover/Show?id=hkm.HKMS000005%3Akm002u9c&fullres=1&index=0', 'role:Valokuvaaja,name:Alanco Jan HKM', 'Helsinki, Leankatu 4.,19840703', 'Pasila L��nsi-Pasila', '1984', '', '', '']"
"['Leankatu', '60.2016364,24.9236411', 'hkm.HKMS000005:km002uan', 'https://api.finna.fi/Cover/Show?id=hkm.HKMS000005%3Akm002uan&fullres=1&index=0', 'role:Valokuvaaja,name:Alanco Jan HKM', 'Helsinki, Leankatu 4.,19840704', 'Pasila L��nsi-Pasila', '1984', '', '', '']"
"['Leankatu', '60.2016364,24.9236411', 'hkm.HKMS000005:km003v7d', 'https://api.finna.fi/Cover/Show?id=hkm.HKMS000005%3Akm003v7d&fullres=1&index=0', 'role:Valokuvaaja,name:Hakli Kari', 'kodit,huonekalut p��yd��t tuolit,radiot,lemmikkiel��imet koira,sisustus,keitti��t,Helsinki, Leankatu 10,197106', 'Vuokra-autoilija Uno Lehtosen ja Jenny Lehtosen asunto, keitti��', '1971', '', '', '']"
"['Leankatu', '60.2016364,24.9236411', 'hkm.HKMS000005:km003v8t', 'https://api.finna.fi/Cover/Show?id=hkm.HKMS000005%3Akm003v8t&fullres=1&index=0', 'role:Valokuvaaja,name:Hakli Kari', 'kodit,pihat,portit,Helsinki, Leankatu 10,1973', 'Vuokra-autoilija Uno Lehtosen pihaportti, Aurinkoportti', '1973', '', '', '']"
"['Leankatu', '60.2016364,24.9236411', 'hkm.HKMS000005:km003wca', 'https://api.finna.fi/Cover/Show?id=hkm.HKMS000005%3Akm003wca&fullres=1&index=0', 'role:Valokuvaaja,name:Hakli Kari', 'kodit,keitti��t,keitti��kalusteet,huonekalut p��yd��t tuolit,Helsinki, Leankatu 10,197106', 'Vuokra-autoilija Uno Lehtosen keitti��. kuvassa herra ja rouva Lehtonen', '1971', '', '', '']"
"['Leankatu', '60.2016364,24.9236411', 'hkm.HKMS000005:km003wt3', 'https://api.finna.fi/Cover/Show?id=hkm.HKMS000005%3Akm003wt3&fullres=1&index=0', 'role:Valokuvaaja,name:Hakli Kari', 'kodit,makuuhuoneet,s��ngyt,lemmikkiel��imet koira,Helsinki, Leankatu 10,197106', 'Vuokra-autoilija Uno Lehtosen makuuhuone', '1971', '', '', '']"
"['Leankatu', '60.2016364,24.9236411', 'hkm.HKMS000005:km003wn5', 'https://api.finna.fi/Cover/Show?id=hkm.HKMS000005%3Akm003wn5&fullres=1&index=0', 'role:Valokuvaaja,name:Hakli Kari', 'kodit,huonekalut p��yd��t tuolit,asukkaat,kaakeliuunit,liedet,kamarit,kattilat,elintarvikkeet,Helsinki, Leankatu 6,197106', 'Herra Elon kamari', '1971', '', '', '']"
"['Leankatu', '60.2016364,24.9236411', 'hkm.HKMS000005:km002uam', 'https://api.finna.fi/Cover/Show?id=hkm.HKMS000005%3Akm002uam&fullres=1&index=0', 'role:Valokuvaaja,name:Alanco Jan HKM', 'Helsinki, Leankatu 2, 4.,19840704', 'Pasila L��nsi-Pasila', '1984', '', '', '']"
"['Leankatu', '60.2016364,24.9236411', 'hkm.HKMS000005:km002uaj', 'https://api.finna.fi/Cover/Show?id=hkm.HKMS000005%3Akm002uaj&fullres=1&index=0', 'role:Valokuvaaja,name:Alanco Jan HKM', 'puistot viheralueet,Helsinki, Hertanm��ki.  Leankatu 4.,19840704', 'Pasila L��nsi-Pasila', '1984', '', '', '']"
"['Leankatu', '60.2016364,24.9236411', 'hkm.HKMS000005:km002u9b', 'https://api.finna.fi/Cover/Show?id=hkm.HKMS000005%3Akm002u9b&fullres=1&index=0', 'role:Valokuvaaja,name:Alanco Jan HKM', 'Helsinki, Leankatu 4.  Radiokatu 4.,19840703', 'Pasila L��nsi-Pasila', '1984', '', '', '']"
"['Leankatu', '60.2016364,24.9236411', 'hkm.HKMS000005:km002uag', 'https://api.finna.fi/Cover/Show?id=hkm.HKMS000005%3Akm002uag&fullres=1&index=0', 'role:Valokuvaaja,name:Alanco Jan HKM', 'Helsinki, Hertanm��enkatu 2.  Radiokatu 6.  Leankatu 3.,19840704', 'Pasila L��nsi-Pasila', '1984', '', '', '']"
"['Leankatu', '60.2016364,24.9236411', 'hkm.HKMS000005:000000vm', 'https://api.finna.fi/Cover/Show?id=hkm.HKMS000005%3A000000vm&fullres=1&index=0', 'role:Valokuvaaja,name:Brander Signe HKM', 'puurakennukset,kunnallistekniikka,Helsinki,,1912', 'Pasilan huvila-alue', '1912', '', '', '']"
"['Leankatu', '60.2016364,24.9236411', 'hkm.HKMS000005:km003j59', 'https://api.finna.fi/Cover/Show?id=hkm.HKMS000005%3Akm003j59&fullres=1&index=0', 'role:Valokuvaaja,name:Gr��nberg Constantin', 'Asuinalueet pientaloalueet,rakennukset puurakennukset,huoltamot,Helsinki, Hannankatu,1963', 'Pasila', '1963', '', '', '']"
"['Leankatu', '60.2016364,24.9236411', 'hkm.HKMS000005:000000vx', 'https://api.finna.fi/Cover/Show?id=hkm.HKMS000005%3A000000vx&fullres=1&index=0', 'role:Valokuvaaja,name:Brander Signe HKM', 'puurakennukset,pyykinpesu,Helsinki,,1912', 'Pasilan huvila-alue', '1912', '', '', '']"
"['Leankatu', '60.2016364,24.9236411', 'hkm.HKMS000005:000000vl', 'https://api.finna.fi/Cover/Show?id=hkm.HKMS000005%3A000000vl&fullres=1&index=0', 'role:Valokuvaaja,name:Brander Signe HKM', 'puurakennukset,lapset,Helsinki,,1912', 'Pasilan huvila-alue', '1912', '', '', '']"
"['Magdaleenankatu', '60.1959795,24.9236949', 'hkm.HKMS000005:km0000n0yz', 'https://api.finna.fi/Cover/Show?id=hkm.HKMS000005%3Akm0000n0yz&fullres=1&index=0', 'role:Valokuvaaja,name:Hakli Kari', 'parturit,kampaamot,ty��tilat,peilit,huonekalut,tuolit,ty��v��lineet,Helsinki, Magdaleenankatu 4,1971', 'Kampaamo, Magdaleenankatu 4, Pasila.', '1971', '', '', '']"
"['Magdaleenankatu', '60.1959795,24.9236949', 'hkm.HKMS000005:000000vo', 'https://api.finna.fi/Cover/Show?id=hkm.HKMS000005%3A000000vo&fullres=1&index=0', 'role:Valokuvaaja,name:Brander Signe HKM', 'puurakennukset,Helsinki,,1912', 'Pasilan huvila-alue', '1912', '', '', '']"
"['Maistraatinkatu', '60.1980806,24.9229314', 'hkm.HKMS000005:km002zmm', 'https://api.finna.fi/Cover/Show?id=hkm.HKMS000005%3Akm002zmm&fullres=1&index=0', 'role:Valokuvaaja,name:Hakli Kari', 'rakennukset puurakennukset,asuinrakennukset,Helsinki, Maistraatinkatu 11,1971', 'Maistraatinkatu 11.', '1971', '', '', '']"
"['Maistraatinkatu', '60.1980806,24.9229314', 'hkm.HKMS000005:km0000m3ah', 'https://api.finna.fi/Cover/Show?id=hkm.HKMS000005%3Akm0000m3ah&fullres=1&index=0', 'role:Valokuvaaja,name:Gr��nberg Constantin', 'rakennukset puurakennukset asuinrakennukset,pihat,aidat,portit,Helsinki, Maistraatinkatu 9, 11,1963', 'Maistraatinkatu 9, 11.', '1963', '', '', '']"
"['Maistraatinkatu', '60.1980806,24.9229314', 'hkm.HKMS000005:km0000m9ge', 'https://api.finna.fi/Cover/Show?id=hkm.HKMS000005%3Akm0000m9ge&fullres=1&index=0', 'role:Valokuvaaja,name:Maisemasuunnittelu Nukari-Pursio-Vainio', 'pihat,puutarhat,tiet pihatiet,puut hedelm��puut,ulkorakennukset,saunat,Helsinki, Maistraatinkatu 17,19710912', 'Julkusen talo, Maistraatinkatu 17, Pasila', '1971', '', '', '']"
"['Maistraatinkatu', '60.1980806,24.9229314', 'hkm.HKMS000005:km003w38', 'https://api.finna.fi/Cover/Show?id=hkm.HKMS000005%3Akm003w38&fullres=1&index=0', 'role:Valokuvaaja,name:Hakli Kari', 'rakennukset,ty��v��entalot,kulttuuritalot,juhlasalit,n��ytt��m��t,aatteet,Helsinki, Maistraatinkatu 23,1973', 'Pasilan ty��v��entalo, Maistraatinkatu 23. Juhlasali.', '1973', '', '', '']"
"['Maistraatinkatu', '60.1980806,24.9229314', 'hkm.HKMS000005:km003wtv', 'https://api.finna.fi/Cover/Show?id=hkm.HKMS000005%3Akm003wtv&fullres=1&index=0', 'role:Valokuvaaja,name:Hakli Kari', 'rakennukset puurakennukset,asuinrakennukset,portaat,kuistit,Helsinki, Maistraatinkatu 11,1971', 'Maistraatinkatu 11. Ulkoportaat ja kuisti.', '1971', '', '', '']"
"['Maistraatinkatu', '60.1980806,24.9229314', 'hkm.HKMS000005:km003wcg', 'https://api.finna.fi/Cover/Show?id=hkm.HKMS000005%3Akm003wcg&fullres=1&index=0', 'role:Valokuvaaja,name:Hakli Kari', 'kodit,huonekalut p��yd��t tuolit s��ngyt,sisustus gobeliinit,televisiot,Helsinki, Maistraatinkatu 5,197106', 'El��kel��inen Juho Salosen asunto, Maistraatinkatu 5. Pasila.', '1971', '', '', '']"
"['Maistraatinkatu', '60.1980806,24.9229314', 'hkm.HKMS000005:km003v88', 'https://api.finna.fi/Cover/Show?id=hkm.HKMS000005%3Akm003v88&fullres=1&index=0', 'role:Valokuvaaja,name:Hakli Kari', 'kodit,huonekalut p��yd��t tuolit s��ngyt,sisustus gobeliinit,lipastot,Helsinki, Maistraatinkatu 5,197106', 'El��kel��inen Juho Salosen asunto, Maistraatinkatu 5. Pasila.', '1971', '', '', '']"
"['Maistraatinkatu', '60.1980806,24.9229314', 'hkm.HKMS000005:km003v89', 'https://api.finna.fi/Cover/Show?id=hkm.HKMS000005%3Akm003v89&fullres=1&index=0', 'role:Valokuvaaja,name:Hakli Kari', 'kodit,huonekalut p��yd��t tuolit s��ngyt,sisustus taljat,televisiot,Helsinki, Maistraatinkatu 5,197106', 'El��kel��inen Juho Salosen asunto, Maistraatinkatu 5. Pasila.', '1971', '', '', '']"
"['Maistraatinkatu', '60.1980806,24.9229314', 'hkm.HKMS000005:km003v8h', 'https://api.finna.fi/Cover/Show?id=hkm.HKMS000005%3Akm003v8h&fullres=1&index=0', 'role:Valokuvaaja,name:Hakli Kari', 'kodit,pihat,lapset,vuodenajat kes��,leikit,Helsinki, Maistraatinkatu 3,197106', 'Lapsia rakentamassaan teltassa, Maistraatinkatu 3:n pihalla.', '1971', '', '', '']"
"['Maistraatinkatu', '60.1980806,24.9229314', 'hkm.HKMS000005:km003w30', 'https://api.finna.fi/Cover/Show?id=hkm.HKMS000005%3Akm003w30&fullres=1&index=0', 'role:Valokuvaaja,name:Hakli Kari', 'rakennukset,ty��v��entalot,kulttuuritalot,liput,n��ytt��m��t,aatteet,lipunkantajat,Helsinki, Maistraatinkatu 23,1973', 'Pasilan ty��v��entalo, Maistraatinkatu 23. SKP:n ja SKDL:n Pasilan osaston liput Pasilan ty��v��entalon n��ytt��m��ll��.', '1973', '', '', '']"
"['Maistraatinkatu', '60.1980806,24.9229314', 'hkm.HKMS000005:km003v8a', 'https://api.finna.fi/Cover/Show?id=hkm.HKMS000005%3Akm003v8a&fullres=1&index=0', 'role:Valokuvaaja,name:Hakli Kari', 'kodit,huonekalut p��yd��t,portaikot eteiset,kaapit,Helsinki, Maistraatinkatu 3 C,197106', 'Olavi Simeliuksen asunnon portaikko (samalla eteinen), Maistraatinkatu 3 C. Huvila 30.', '1971', '', '', '']"
"['Maistraatinkatu', '60.1980806,24.9229314', 'hkm.HKMS000005:km0000lt41', 'https://api.finna.fi/Cover/Show?id=hkm.HKMS000005%3Akm0000lt41&fullres=1&index=0', 'role:Valokuvaaja,name:Tuntematon', 'palokunnat paloasemat,rakennukset julkiset rakennukset,aidat,Helsinki, Maistraatinkatu 6,1920 -luku n.', 'Pasilan paloasema (suunnitellut Karl H��rd af Segerstad, valmistunut 1914).', '1920', '', '', '']"
"['Maistraatinkatu', '60.1980806,24.9229314', 'hkm.HKMS000005:0000026n', 'https://api.finna.fi/Cover/Show?id=hkm.HKMS000005%3A0000026n&fullres=1&index=0', 'role:Valokuvaaja,name:Alanco Jan HKM', 'ty��maat,ty��maaparakit,nosturit nostokurjet,aluerakentaminen,Helsinki, Maistraatinkatu 1.,19820608', 'L��nsi-Pasilan rakentaminen', '1982', '', '', '']"
"['Maistraatinkatu', '60.1980806,24.9229314', 'hkm.HKMS000005:km002u9m', 'https://api.finna.fi/Cover/Show?id=hkm.HKMS000005%3Akm002u9m&fullres=1&index=0', 'role:Valokuvaaja,name:Alanco Jan HKM', 'mets��t,viheralueet,Helsinki, Maistraatinkatu 6.,19840704', 'Pasila L��nsi-Pasila', '1984', '', '', '']"
"['Maistraatinkatu', '60.1980806,24.9229314', 'hkm.HKMS000005:km002u98', 'https://api.finna.fi/Cover/Show?id=hkm.HKMS000005%3Akm002u98&fullres=1&index=0', 'role:Valokuvaaja,name:Alanco Jan HKM', 'pihakalusteet,leikkipaikat,Helsinki, Maistraatinkatu 1.,19840703', 'Pasila L��nsi-Pasila', '1984', '', '', '']"
"['Maistraatinkatu', '60.1980806,24.9229314', 'hkm.HKMS000005:km002u9f', 'https://api.finna.fi/Cover/Show?id=hkm.HKMS000005%3Akm002u9f&fullres=1&index=0', 'role:Valokuvaaja,name:Alanco Jan HKM', 'leikkipaikat,pihakalusteet,Helsinki, Maistraatinkatu 7.,19840704', 'Pasila L��nsi-Pasila', '1984', '', '', '']"
"['Maistraatinkatu', '60.1980806,24.9229314', 'hkm.HKMS000005:km002u9g', 'https://api.finna.fi/Cover/Show?id=hkm.HKMS000005%3Akm002u9g&fullres=1&index=0', 'role:Valokuvaaja,name:Alanco Jan HKM', 'leikkipaikat,pihakalusteet,Helsinki, Maistraatinkatu 7.,19840704', 'Pasila L��nsi-Pasila', '1984', '', '', '']"
"['Maistraatinkatu', '60.1980806,24.9229314', 'hkm.HKMS000005:km003v8r', 'https://api.finna.fi/Cover/Show?id=hkm.HKMS000005%3Akm003v8r&fullres=1&index=0', 'role:Valokuvaaja,name:Hakli Kari', 'kodit,huonekalut p��yd��t s��ngyt pinnas��ngyt,lapset vauvat,Helsinki, Maistraatinkatu 9,197110', 'Varastonhoitaja Aulis Hirvosen asunto, ainoa huone', '1971', '', '', '']"
"['Maistraatinkatu', '60.1980806,24.9229314', 'hkm.HKMS000005:km003j58', 'https://api.finna.fi/Cover/Show?id=hkm.HKMS000005%3Akm003j58&fullres=1&index=0', 'role:Valokuvaaja,name:Hakli Kari', 'kivenlouhinta,Helsinki, Maistraatinkatu,1973', 'Pasila', '1973', '', '', '']"
"['Maistraatinkatu', '60.1980806,24.9229314', 'hkm.HKMS000005:km002u97', 'https://api.finna.fi/Cover/Show?id=hkm.HKMS000005%3Akm002u97&fullres=1&index=0', 'role:Valokuvaaja,name:Alanco Jan HKM', 'polkupy��r��t,Helsinki, Maistraatinkatu 1.,19840703', 'Pasila L��nsi-Pasila', '1984', '', '', '']"
"['Maistraatinkatu', '60.1980806,24.9229314', 'hkm.HKMS000005:km002u9h', 'https://api.finna.fi/Cover/Show?id=hkm.HKMS000005%3Akm002u9h&fullres=1&index=0', 'role:Valokuvaaja,name:Alanco Jan HKM', 'Helsinki, Maistraatinkatu 7.,19840704', 'Pasila L��nsi-Pasila', '1984', '', '', '']"
"['Maistraatinkatu', '60.1980806,24.9229314', 'hkm.HKMS000005:km002u9o', 'https://api.finna.fi/Cover/Show?id=hkm.HKMS000005%3Akm002u9o&fullres=1&index=0', 'role:Valokuvaaja,name:Alanco Jan HKM', 'pihakalusteet,Helsinki, Maistraatinkatu 2.,19840704', 'Pasila L��nsi-Pasila', '1984', '', '', '']"
"['Maistraatinkatu', '60.1980806,24.9229314', 'hkm.HKMS000005:km002z98', 'https://api.finna.fi/Cover/Show?id=hkm.HKMS000005%3Akm002z98&fullres=1&index=0', 'role:Valokuvaaja,name:Gr��nberg Constantin', 'rakennukset julkiset rakennukset,paloasemat,palokunnat,Helsinki, Maistraatinkatu 6,1955', 'Pasila', '1955', '', '', '']"
"['Maistraatinkatu', '60.1980806,24.9229314', 'hkm.HKMS000005:km002u9l', 'https://api.finna.fi/Cover/Show?id=hkm.HKMS000005%3Akm002u9l&fullres=1&index=0', 'role:Valokuvaaja,name:Alanco Jan HKM', 'Helsinki, Maistraatinkatu 4, 5.,19840704', 'Pasila L��nsi-Pasila', '1984', '', '', '']"
"['Maistraatinkatu', '60.1980806,24.9229314', 'hkm.HKMS000005:km003j5d', 'https://api.finna.fi/Cover/Show?id=hkm.HKMS000005%3Akm003j5d&fullres=1&index=0', 'role:Valokuvaaja,name:Tuntematon', 'asuinalueet,rakennukset,asuinrakennukset,puurakennukset,katteet,kadut,pihat,aidat,Helsinki, Maistraatinkatu Martankatu,1910 -luku', 'Pasila', '1910', '', '', '']"
"['Maistraatinkatu', '60.1980806,24.9229314', 'hkm.HKMS000005:km002u9n', 'https://api.finna.fi/Cover/Show?id=hkm.HKMS000005%3Akm002u9n&fullres=1&index=0', 'role:Valokuvaaja,name:Alanco Jan HKM', 'Helsinki, Maistraatinkatu 3, 5.,19840704', 'Rakennusty��maa L��nsi-Pasilassa', '1984', '', '', '']"
"['Maistraatinkatu', '60.1980806,24.9229314', 'hkm.HKMS000005:km002z96', 'https://api.finna.fi/Cover/Show?id=hkm.HKMS000005%3Akm002z96&fullres=1&index=0', 'role:Valokuvaaja,name:Gr��nberg Constantin', 'rakennukset,pihat,aidat,Helsinki, Maistraatinkatu 11, 13,19550619', 'Pasila', '1955', '', '', '']"
"['Maistraatinkatu', '60.1980806,24.9229314', 'hkm.HKMS000005:0000026o', 'https://api.finna.fi/Cover/Show?id=hkm.HKMS000005%3A0000026o&fullres=1&index=0', 'role:Valokuvaaja,name:Alanco Jan HKM', 'aluerakentaminen,rakentaminen,asuinrakennukset,Helsinki, Maistraatinkatu 1.  Pasilan puistotie 6.,19820608', 'Pasila, L��nsi-Pasila', '1982', '', '', '']"
"['Maistraatinkatu', '60.1980806,24.9229314', 'hkm.HKMS000005:km002u9k', 'https://api.finna.fi/Cover/Show?id=hkm.HKMS000005%3Akm002u9k&fullres=1&index=0', 'role:Valokuvaaja,name:Alanco Jan HKM', 'nosturit,Helsinki, Pasilan puistotie 8.  Maistraatinkatu 5.,19840704', 'Rakennusty��maa L��nsi-Pasilassa', '1984', '', '', '']"
"['Maistraatinkatu', '60.1980806,24.9229314', 'hkm.HKMS000005:000000vr', 'https://api.finna.fi/Cover/Show?id=hkm.HKMS000005%3A000000vr&fullres=1&index=0', 'role:Valokuvaaja,name:Brander Signe HKM', 'puurakennukset,rakentamattomat alueet,pyykinpesu,Helsinki,,1911', 'Pasilan huvila-alue', '1911', '', '', '']"
"['Maistraatinkatu', '60.1980806,24.9229314', 'hkm.HKMS000005:000000vt', 'https://api.finna.fi/Cover/Show?id=hkm.HKMS000005%3A000000vt&fullres=1&index=0', 'role:Valokuvaaja,name:Brander Signe HKM', 'puurakennukset,kalliot,rakentamattomat alueet,Helsinki,,1912', 'Pasilan huvila-alue', '1912', '', '', '']"
"['Maistraatinkatu', '60.1980806,24.9229314', 'hkm.HKMS000005:000000vo', 'https://api.finna.fi/Cover/Show?id=hkm.HKMS000005%3A000000vo&fullres=1&index=0', 'role:Valokuvaaja,name:Brander Signe HKM', 'puurakennukset,Helsinki,,1912', 'Pasilan huvila-alue', '1912', '', '', '']"
"['Maistraatinkatu', '60.1980806,24.9229314', 'hkm.HKMS000005:km0000lzrq', 'https://api.finna.fi/Cover/Show?id=hkm.HKMS000005%3Akm0000lzrq&fullres=1&index=0', 'role:Valokuvaaja,name:Hakli Kari', 'ilmakuvat,rautatiet,ratapihat,rakennukset asuinrakennukset,kadut,Helsinki, Helsinki,1973', 'Ilmakuva L��nsi-Pasilasta kuvattuna pohjoisesta etel����n', '1973', '', '', '']"
"['Maistraatinkatu', '60.1980806,24.9229314', 'hkm.HKMS000005:000000vu', 'https://api.finna.fi/Cover/Show?id=hkm.HKMS000005%3A000000vu&fullres=1&index=0', 'role:Valokuvaaja,name:Brander Signe HKM', 'puurakennukset,kalliot,Helsinki,,1912', 'N��k��ala Pasilan huvila-alueelle', '1912', '', '', '']"
"['Martankatu', '60.1952564,24.9236484', 'hkm.HKMS000005:km0000m3ac', 'https://api.finna.fi/Cover/Show?id=hkm.HKMS000005%3Akm0000m3ac&fullres=1&index=0', 'role:Valokuvaaja,name:Gr��nberg Constantin', 'rakennukset puurakennukset asuinrakennukset,pihat,aidat,portit,Helsinki, Esterinkatu 5. Martankatu 3,1963', 'N��kym�� Esterinkadun varrella olevilta kallioilta pohjoiseen, Esterinkatu 5 ja Martankatu 1, 3.', '1963', '', '', '']"
"['Martankatu', '60.1952564,24.9236484', 'hkm.HKMS000005:km003j5d', 'https://api.finna.fi/Cover/Show?id=hkm.HKMS000005%3Akm003j5d&fullres=1&index=0', 'role:Valokuvaaja,name:Tuntematon', 'asuinalueet,rakennukset,asuinrakennukset,puurakennukset,katteet,kadut,pihat,aidat,Helsinki, Maistraatinkatu Martankatu,1910 -luku', 'Pasila', '1910', '', '', '']"
"['Martankatu', '60.1952564,24.9236484', 'hkm.HKMS000005:000000vu', 'https://api.finna.fi/Cover/Show?id=hkm.HKMS000005%3A000000vu&fullres=1&index=0', 'role:Valokuvaaja,name:Brander Signe HKM', 'puurakennukset,kalliot,Helsinki,,1912', 'N��k��ala Pasilan huvila-alueelle', '1912', '', '', '']"
"['Pasilan Puistotie', '60.1983333,24.9251218', 'hkm.HKMS000005:km002xza', 'https://api.finna.fi/Cover/Show?id=hkm.HKMS000005%3Akm002xza&fullres=1&index=0', 'role:Valokuvaaja,name:Tuntematon', 'osuustoiminta,myym��l��t,kassakoneet,vaa?at,elintarvikkeet,leip��,leipomotuotteet,pullot,juomat,mehut,kananmunat,sein��kellot,valaisimet,Helsinki, Pasilan puistotie, Hertanm��ki,1934 n', 'Elannon leip��myym��l�� n:o 61. Hertankatu 15 (= Pasilan puistotie, Hertanm��ki).', '1934', '', '', '']"
"['Pasilan Puistotie', '60.1983333,24.9251218', 'hkm.HKMS000005:km0000mzmd', 'https://api.finna.fi/Cover/Show?id=hkm.HKMS000005%3Akm0000mzmd&fullres=1&index=0', 'role:Valokuvaaja,name:Hakli Kari', 'Kadut,autot,kevytmoottoripy��r��t,ihmiset,talot,puutalot,Helsinki, Pasilankatu 15.  Pasilankatu 20-22.,1973 n.', 'Puutaloja Pasilassa, Pasilankatu 15 ja  20-22, nykyinen Pasilan puistotie', '1973', '', '', '']"
"['Pasilan Puistotie', '60.1983333,24.9251218', 'hkm.HKMS000005:km002xmq', 'https://api.finna.fi/Cover/Show?id=hkm.HKMS000005%3Akm002xmq&fullres=1&index=0', 'role:Valokuvaaja,name:Tuntematon', 'osuustoiminta,v��hitt��iskauppa,myym��l��t,myyj��t,naiset,ty��vaatteet,vaa?at,kassakoneet,makeiset,elintarvikkeet,hedelm��t,pakkaukset,rasiat,purkit,pullot,valaisimet,jakkarat,Helsinki, Pasilan puistotie, Hertanm��ki,193401', 'Elannon Pasilan sekatavaramyym��l�� n:o 9. Hertankatu 15 (= Pasilan puistotie, Hertanm��ki).', '1934', '', '', '']"
"['Pasilan Puistotie', '60.1983333,24.9251218', 'hkm.HKMS000005:km002xms', 'https://api.finna.fi/Cover/Show?id=hkm.HKMS000005%3Akm002xms&fullres=1&index=0', 'role:Valokuvaaja,name:Tuntematon', 'osuustoiminta,v��hitt��iskauppa,myym��l��t,arkkitehtuuri,funktionalismi,myyj��t,naiset,ty��vaatteet,vaa?at,kassakoneet,kahvimyllyt,makeiset,hedelm��t,pakkaukset,rasiat,purkit,pullot,valaisimet,jakkarat,Helsinki, Pasilan puistotie, Hertanm��ki,193401', 'Elannon Pasilan sekatavaramyym��l�� n:o 9. Hertankatu 15 (= Pasilan puistotie, Hertanm��ki).', '1934', '', '', '']"
"['Pasilan Puistotie', '60.1983333,24.9251218', 'hkm.HKMS000005:km002y0j', 'https://api.finna.fi/Cover/Show?id=hkm.HKMS000005%3Akm002y0j&fullres=1&index=0', 'role:Valokuvaaja,name:Tuntematon', 'osuustoiminta,myym��l��t,vaa?at,elintarvikkeet,liha,lihavalmisteet,makkarat,juusto,kananmunat,s��ilykkeet,purkit,pullot,juomat,virvoitusjuomat,valaisimet,Helsinki, Pasilan puistotie 5,1935 n', 'Elannon liha- ja leikkelemyym��l�� n:o 33. Hertankatu 9 (= Pasilan puistotie 5 - Kyllikinkatu).', '1935', '', '', '']"
"['Pasilan Puistotie', '60.1983333,24.9251218', 'hkm.HKMS000005:km002xme', 'https://api.finna.fi/Cover/Show?id=hkm.HKMS000005%3Akm002xme&fullres=1&index=0', 'role:Valokuvaaja,name:Tuntematon', 'osuustoiminta,v��hitt��iskauppa,liikerakennukset,arkkitehtuuri,funktionalismi,myym��l��t,n��yteikkunat,lipputangot,kadut,lumi,Helsinki, Pasilan puistotie, Hertanm��ki,193401', 'Elannon uusi Pasilan liiketalo, jossa oli sekatavara- ja leip��myym��l��', '1934', '', '', '']"
"['Pasilan Puistotie', '60.1983333,24.9251218', 'hkm.HKMS000005:km002xmo', 'https://api.finna.fi/Cover/Show?id=hkm.HKMS000005%3Akm002xmo&fullres=1&index=0', 'role:Valokuvaaja,name:Tuntematon', 'osuustoiminta,v��hitt��iskauppa,liikerakennukset,arkkitehtuuri,funktionalismi,myym��l��t,n��yteikkunat,lipputangot,kadut,lumi,Helsinki, Pasilan puistotie, Hertanm��ki,193401', 'Elannon uusi Pasilan liiketalo, jossa oli sekatavara- ja leip��myym��l��', '1934', '', '', '']"
"['Pasilan Puistotie', '60.1983333,24.9251218', 'hkm.HKMS000005:km003wn9', 'https://api.finna.fi/Cover/Show?id=hkm.HKMS000005%3Akm003wn9&fullres=1&index=0', 'role:Valokuvaaja,name:Hakli Kari', 'osuustoiminta,v��hitt��iskauppa,liikerakennukset,arkkitehtuuri,funktionalismi,myym��l��t,n��yteikkunat,lipputangot,kadut,lumi,Helsinki, Pasilan puistotie, Hertanm��ki,1973', 'Elannon uusi Pasilan liiketalo, jossa oli sekatavara- ja leip��myym��l��', '1973', '', '', '']"
"['Pasilan Puistotie', '60.1983333,24.9251218', 'hkm.HKMS000005:km003wna', 'https://api.finna.fi/Cover/Show?id=hkm.HKMS000005%3Akm003wna&fullres=1&index=0', 'role:Valokuvaaja,name:Hakli Kari', 'osuustoiminta,v��hitt��iskauppa,liikerakennukset,arkkitehtuuri,funktionalismi,myym��l��t,n��yteikkunat,lipputangot,kadut,lumi,Helsinki, Pasilan puistotie, Hertanm��ki,1973', 'Elannon uusi Pasilan liiketalo, jossa oli sekatavara- ja leip��myym��l��', '1973', '', '', '']"
"['Pasilan Puistotie', '60.1983333,24.9251218', 'hkm.HKMS000005:km002uat', 'https://api.finna.fi/Cover/Show?id=hkm.HKMS000005%3Akm002uat&fullres=1&index=0', 'role:Valokuvaaja,name:Alanco Jan HKM', 'Helsinki, Pasilan puistotie 4.,19840704', 'Pasila L��nsi-Pasila', '1984', '', '', '']"
"['Pasilan Puistotie', '60.1983333,24.9251218', 'hkm.HKMS000005:km002uas', 'https://api.finna.fi/Cover/Show?id=hkm.HKMS000005%3Akm002uas&fullres=1&index=0', 'role:Valokuvaaja,name:Alanco Jan HKM', 'Helsinki, Pasilan puistotie 4.,19840704', 'Pasila L��nsi-Pasila', '1984', '', '', '']"
"['Pasilan Puistotie', '60.1983333,24.9251218', 'hkm.HKMS000005:km002uau', 'https://api.finna.fi/Cover/Show?id=hkm.HKMS000005%3Akm002uau&fullres=1&index=0', 'role:Valokuvaaja,name:Alanco Jan HKM', 'Helsinki, Pasilan puistotie 4.,19840704', 'Pasila L��nsi-Pasila', '1984', '', '', '']"
"['Pasilan Puistotie', '60.1983333,24.9251218', 'hkm.HKMS000005:0000026o', 'https://api.finna.fi/Cover/Show?id=hkm.HKMS000005%3A0000026o&fullres=1&index=0', 'role:Valokuvaaja,name:Alanco Jan HKM', 'aluerakentaminen,rakentaminen,asuinrakennukset,Helsinki, Maistraatinkatu 1.  Pasilan puistotie 6.,19820608', 'Pasila, L��nsi-Pasila', '1982', '', '', '']"
"['Pasilan Puistotie', '60.1983333,24.9251218', 'hkm.HKMS000005:km002u9k', 'https://api.finna.fi/Cover/Show?id=hkm.HKMS000005%3Akm002u9k&fullres=1&index=0', 'role:Valokuvaaja,name:Alanco Jan HKM', 'nosturit,Helsinki, Pasilan puistotie 8.  Maistraatinkatu 5.,19840704', 'Rakennusty��maa L��nsi-Pasilassa', '1984', '', '', '']"
"['Pasilan Puistotie', '60.1983333,24.9251218', 'hkm.HKMS000005:km002uay', 'https://api.finna.fi/Cover/Show?id=hkm.HKMS000005%3Akm002uay&fullres=1&index=0', 'role:Valokuvaaja,name:Alanco Jan HKM', 'torit aukiot,suihkukaivot,Helsinki, Palkkatilantori.  Palkkatilankatu 7.  Pasilan puistotie 4.,19840704', 'Pasila L��nsi-Pasila', '1984', '', '', '']"
"['Raakelinkatu', '60.2006952,24.920624', 'hkm.HKMS000005:km0000m3al', 'https://api.finna.fi/Cover/Show?id=hkm.HKMS000005%3Akm0000m3al&fullres=1&index=0', 'role:Valokuvaaja,name:Gr��nberg Constantin', 'rakennukset puurakennukset asuinrakennukset,sis����nk��ynnit,Helsinki, Raakelinkatu 7,1963', 'Raakelinkatu 7.', '1963', '', '', '']"
"['Raakelinkatu', '60.2006952,24.920624', 'hkm.HKMS000005:km0000m3ak', 'https://api.finna.fi/Cover/Show?id=hkm.HKMS000005%3Akm0000m3ak&fullres=1&index=0', 'role:Valokuvaaja,name:Gr��nberg Constantin', 'rakennukset puurakennukset,piharakennukset,aidat,Helsinki, Raakelinkatu 3,1963', 'Raakelinkatu 3, piharakennus.', '1963', '', '', '']"
"['Raakelinkatu', '60.2006952,24.920624', 'hkm.HKMS000005:km0000m3aj', 'https://api.finna.fi/Cover/Show?id=hkm.HKMS000005%3Akm0000m3aj&fullres=1&index=0', 'role:Valokuvaaja,name:Gr��nberg Constantin', 'rakennukset puurakennukset asuinrakennukset,kalliot,sis����nk��ynnit,Helsinki, Pasilankatu 27. Raakelinkatu 2,1963', 'Pasilankadun ja Raakelinkadun kulma, Pasilankatu 27 - Raakelinkatu 2.', '1963', '', '', '']"
"['Raakelinkatu', '60.2006952,24.920624', 'hkm.HKMS000005:km0000ny62', 'https://api.finna.fi/Cover/Show?id=hkm.HKMS000005%3Akm0000ny62&fullres=1&index=0', 'role:Valokuvaaja,name:Tuntematon', 'puurakennukset,ikkunat,savupiiput,puut,kalliot,kivet,Helsinki, Raakelinkatu,1900 j��lk.', 'Puinen asuinrakennus todenn��k��isesti Raakelinkadulla Pasilassa 1900-luvun alkupuolella', '1900', '', '', '']"
"['Raakelinkatu', '60.2006952,24.920624', 'hkm.HKMS000005:km0000ny6e', 'https://api.finna.fi/Cover/Show?id=hkm.HKMS000005%3Akm0000ny6e&fullres=1&index=0', 'role:Valokuvaaja,name:Tuntematon', 'puurakennukset,kadut,pihat,aidat,ikkunat,savupiiput,Helsinki, Pasilankatu 27. Raakelinkatu 2,1900 j��lk.', 'Puinen monikerroksinen asuinrakennus Pasilankadun ja Raakelinkadun risteyksess�� 1900-luvun alkupuolella', '1900', '', '', '']"
"['Raakelinkatu', '60.2006952,24.920624', 'hkm.HKMS000005:km003j53', 'https://api.finna.fi/Cover/Show?id=hkm.HKMS000005%3Akm003j53&fullres=1&index=0', 'role:Valokuvaaja,name:Sundstr��m Eric', 'julkiset rakennukset kirkkorakennukset,puurakennukset,Helsinki, Raakelinkatu 4,1922', 'Pasila', '1922', '', '', '']"
"['Raakelinkatu', '60.2006952,24.920624', 'hkm.HKMS000005:km003j5g', 'https://api.finna.fi/Cover/Show?id=hkm.HKMS000005%3Akm003j5g&fullres=1&index=0', 'role:Valokuvaaja,name:Gr��nberg Constantin', 'julkiset rakennukset kirkkorakennukset,puurakennukset,Helsinki, Raakelinkatu 4,1955', 'Pasila', '1955', '', '', '']"
"['Raakelinkatu', '60.2006952,24.920624', 'hkm.HKMS000005:km0000ny69', 'https://api.finna.fi/Cover/Show?id=hkm.HKMS000005%3Akm0000ny69&fullres=1&index=0', 'role:Valokuvaaja,name:Tuntematon', 'puurakennukset,pihat,aidat,ikkunat,savupiiput,portaat,kalliot,kaivot,vajat,peltikatot,Helsinki, Raakelinkatu. Leankatu,1900 j��lk.', 'Edess�� Leankadulla sijainneet kauppias Koskisen vajat', '1900', '', '', '']"
"['Raakelinkatu', '60.2006952,24.920624', 'hkm.HKMS000005:km0000mq8b', 'https://api.finna.fi/Cover/Show?id=hkm.HKMS000005%3Akm0000mq8b&fullres=1&index=0', 'role:Valokuvaaja,name:Hakli Kari', 'julkiset rakennukset kirkkorakennukset,puurakennukset,jalankulkijat,asuinrakennukset,Helsinki, Pasilankatu 25-27. Raakelinkatu 4,1973', 'Pasila', '1973', '', '', '']"
"['Raakelinkatu', '60.2006952,24.920624', 'hkm.HKMS000005:km003j59', 'https://api.finna.fi/Cover/Show?id=hkm.HKMS000005%3Akm003j59&fullres=1&index=0', 'role:Valokuvaaja,name:Gr��nberg Constantin', 'Asuinalueet pientaloalueet,rakennukset puurakennukset,huoltamot,Helsinki, Hannankatu,1963', 'Pasila', '1963', '', '', '']"
"['Raakelinkatu', '60.2006952,24.920624', 'hkm.HKMS000005:000000vx', 'https://api.finna.fi/Cover/Show?id=hkm.HKMS000005%3A000000vx&fullres=1&index=0', 'role:Valokuvaaja,name:Brander Signe HKM', 'puurakennukset,pyykinpesu,Helsinki,,1912', 'Pasilan huvila-alue', '1912', '', '', '']"
"['Selmankatu', '60.2004445,24.9220876', 'hkm.HKMS000005:km0000m7cp', 'https://api.finna.fi/Cover/Show?id=hkm.HKMS000005%3Akm0000m7cp&fullres=1&index=0', 'role:Valokuvaaja,name:Rista Simo', 'nuoriso,pyykit,autot,ihmiset,Helsinki, Pasilankatu 22,197006', 'Nuorisoa istuskelemassa kalliolla Selmankadun ja Pasilankadun kulmassa', '1970', '', '', '']"
"['Susannankatu', '60.1981307,24.9220637', 'hkm.HKMS000005:km003v7l', 'https://api.finna.fi/Cover/Show?id=hkm.HKMS000005%3Akm003v7l&fullres=1&index=0', 'role:Valokuvaaja,name:Hakli Kari', 'asuinrakennukset,asuinalueet,kodit,keitti��t,sisustus gobeliinit,huonekalut s��ngyt p��yd��t tuolit keinutuolit,Helsinki, Susannankatu 6 A 2,197106', 'El��kel��inen Jenny Nupposen asunto, Susannankatu 6 A 2.', '1971', '', '', '']"
"['Susannankatu', '60.1981307,24.9220637', 'hkm.HKMS000005:km003wcf', 'https://api.finna.fi/Cover/Show?id=hkm.HKMS000005%3Akm003wcf&fullres=1&index=0', 'role:Valokuvaaja,name:Hakli Kari', 'asuinrakennukset,asuinalueet,kodit,kaakeliuunit,huonekalut s��ngyt p��yd��t tuolit keinutuolit,Helsinki, Susannankatu 6 A 2,197106', 'El��kel��inen Jenny Nupposen asunto, Susannankatu 6 A 2.', '1971', '', '', '']"
"['Susannankatu', '60.1981307,24.9220637', 'hkm.HKMS000005:km002za3', 'https://api.finna.fi/Cover/Show?id=hkm.HKMS000005%3Akm002za3&fullres=1&index=0', 'role:Valokuvaaja,name:Gr��nberg Constantin', 'rakennukset liikerakennukset,asuinrakennukset,asuinalueet,Helsinki, Susannankatu 2 - Hertankatu 18,1969', 'Pasila', '1969', '', '', '']"
"['Susannankatu', '60.1981307,24.9220637', 'hkm.HKMS000005:km003wqs', 'https://api.finna.fi/Cover/Show?id=hkm.HKMS000005%3Akm003wqs&fullres=1&index=0', 'role:Valokuvaaja,name:Hakli Kari', 'asuinrakennukset,asuinalueet,kodit,kaakeliuunit,huonekalut s��ngyt p��yd��t tuolit keinutuolit,Helsinki, Susannankatu 6 A 2,197106', 'Nupponen Eino', '1971', '', '', '']"
"['Susannankatu', '60.1981307,24.9220637', 'hkm.HKMS000005:km003wu4', 'https://api.finna.fi/Cover/Show?id=hkm.HKMS000005%3Akm003wu4&fullres=1&index=0', 'role:Valokuvaaja,name:Hakli Kari', 'rakennukset puutalot,asuintalot,pihat,Helsinki, Hertankatu. Eevankatu,197106', 'Pasila', '1971', '', '', '']"
"['Susannankatu', '60.1981307,24.9220637', 'hkm.HKMS000005:km0000lskl', 'https://api.finna.fi/Cover/Show?id=hkm.HKMS000005%3Akm0000lskl&fullres=1&index=0', 'role:Valokuvaaja,name:Rista Simo SER', 'myym��l��t valintamyym��l��t,rakennukset puurakennukset,jalankulkijat,autot henkil��autot pakettiautot,pylv����t,Helsinki, Hertankatu 15,1974', 'Kiviset portin pylv����t, vasemmalla Elannon myym��l��rakennus Hertankatu 15:ss�� sek�� oikealla Eevankadun puutaloja L��nsi-Pasilassa', '1974', '', '', '']"
"['Susannankatu', '60.1981307,24.9220637', 'hkm.HKMS000005:km003wna', 'https://api.finna.fi/Cover/Show?id=hkm.HKMS000005%3Akm003wna&fullres=1&index=0', 'role:Valokuvaaja,name:Hakli Kari', 'osuustoiminta,v��hitt��iskauppa,liikerakennukset,arkkitehtuuri,funktionalismi,myym��l��t,n��yteikkunat,lipputangot,kadut,lumi,Helsinki, Pasilan puistotie, Hertanm��ki,1973', 'Elannon uusi Pasilan liiketalo, jossa oli sekatavara- ja leip��myym��l��', '1973', '', '', '']"
